blocknumber,dt,hash1,nonce,blockhash,transactionindex,from_addr,to_addr,value_eth,gas,gasprice,iserror,txreceipt_status,input,contractaddress,cumulativegasused,gasused,confirmations,methodid,functionname
16198289,1671206147,0xc90c34c7a0d1cc95a6596d725c478c4f13d2e486424f389580a21ebb5c21e408,43,0x61169d373d153eb27f6a912389162c416ae76b02d4f3ec4b3d302beda250a672,69,0x7047912c295cd54d6617b5d0d6d8b324a11c91db,0xd90e2f925da726b50c4ed8d0fb90ad053324f31b,1e+19,981332,18810009047,f,t,0x13d98d13000000000000000000000000910cbd523d972eb0a6f4cae4618ad62622b39dbf1adb85b9c1400de15bb163946a2ac52e7c239e09208a4636f3411b423cbe721200000000000000000000000000000000000000000000000000000000000000600000000000000000000000000000000000000000000000000000000000000000,,13569109,919444,36401,0x13d98d13,"deposit(address _tornado, bytes32 _commitment, bytes _encryptedNote)"
16198237,1671205523,0x3e4292a83af38820af6d897f953eefc8d30b5de9c2ef6c3d5ab251fdbd334b2c,31,0xa497228c9804e973df4dcbe14764fceaa94044186e21bca35b8d3fd71b27b63c,40,0x7047912c295cd54d6617b5d0d6d8b324a11c91db,0xd90e2f925da726b50c4ed8d0fb90ad053324f31b,1e+19,986622,20417644386,f,t,0x13d98d13000000000000000000000000910cbd523d972eb0a6f4cae4618ad62622b39dbf0bbc13a7f5d57c609c32f5800f497946ff7bae25ae7ef4ec15078cf64ebd4e9d00000000000000000000000000000000000000000000000000000000000000600000000000000000000000000000000000000000000000000000000000000000,,4617755,924652,36453,0x13d98d13,"deposit(address _tornado, bytes32 _commitment, bytes _encryptedNote)"
16198504,1671208727,0xbae0c3fb43b8807fa83ee7e82bd3e30e38ef48595064fe71b95613961a1f8a04,54,0x43b22a79b20ff570816db6b99d20fd7c20b7c363bdd06ebbb5f67d4133fbc655,48,0x7047912c295cd54d6617b5d0d6d8b324a11c91db,0xd90e2f925da726b50c4ed8d0fb90ad053324f31b,1e+19,986622,25288388714,f,t,0x13d98d13000000000000000000000000910cbd523d972eb0a6f4cae4618ad62622b39dbf1b62e4e422355d9ffe42a1727a2d16e620a0fd13f17e94b00c444d09f8a7ad5700000000000000000000000000000000000000000000000000000000000000600000000000000000000000000000000000000000000000000000000000000000,,3307797,924652,36186,0x13d98d13,"deposit(address _tornado, bytes32 _commitment, bytes _encryptedNote)"
16198515,1671208859,0x384df4de4590cafeddfcc22f25be9e646df0e31e528ec5650453614c9842574d,55,0x839b8f704fe14ff0165fff75d32b84eb8655418c2545834a7be7b6873178b683,43,0x7047912c295cd54d6617b5d0d6d8b324a11c91db,0xd90e2f925da726b50c4ed8d0fb90ad053324f31b,1e+20,1002494,21952737018,f,t,0x13d98d13000000000000000000000000a160cdab225685da1d56aa342ad8841c3b53f2911b925921b8eea4b6e2ae7e9104401bc320352c903630e82d9a8237193233675b00000000000000000000000000000000000000000000000000000000000000600000000000000000000000000000000000000000000000000000000000000000,,3940372,940276,36175,0x13d98d13,"deposit(address _tornado, bytes32 _commitment, bytes _encryptedNote)"
16198515,1671208859,0x908d491b1426e2518430f330840f41ff584f7f1b61b92fc027ae703dbd2f4a44,56,0x839b8f704fe14ff0165fff75d32b84eb8655418c2545834a7be7b6873178b683,84,0x7047912c295cd54d6617b5d0d6d8b324a11c91db,0xd90e2f925da726b50c4ed8d0fb90ad053324f31b,1e+20,1002494,21952737018,f,t,0x13d98d13000000000000000000000000a160cdab225685da1d56aa342ad8841c3b53f2910d6f3d4a364ee452d5bb96166318cd53b3a9a5ce79db1865be184bdeed0c75e000000000000000000000000000000000000000000000000000000000000000600000000000000000000000000000000000000000000000000000000000000000,,6893620,935068,36175,0x13d98d13,"deposit(address _tornado, bytes32 _commitment, bytes _encryptedNote)"
16198521,1671208931,0xb12338e814c7d4f9762c418f2b15685103b545a1a1abc2e73a4ade5aa431a692,57,0xded9fce2d3d7afc6a317688bc3b0bf1dbd657cb03c746459ecb4c5c4ffc8fd85,36,0x7047912c295cd54d6617b5d0d6d8b324a11c91db,0xd90e2f925da726b50c4ed8d0fb90ad053324f31b,1e+20,997204,23962549126,f,t,0x13d98d13000000000000000000000000a160cdab225685da1d56aa342ad8841c3b53f291104082fca63f3e2331426e42c5b8851d7b72bbefe638b9ea4e139d1e9b99ba9500000000000000000000000000000000000000000000000000000000000000600000000000000000000000000000000000000000000000000000000000000000,,4805197,935068,36169,0x13d98d13,"deposit(address _tornado, bytes32 _commitment, bytes _encryptedNote)"
16198546,1671209231,0x940515b9d9b8590158ecc1109d92e458487f4eab18b26243d4b689e4ebec423a,58,0xf629ed7c49afe20d5af05e0ba9281c7f1e2dfa527083d134f245898f666eeca1,92,0x7047912c295cd54d6617b5d0d6d8b324a11c91db,0xd90e2f925da726b50c4ed8d0fb90ad053324f31b,1e+20,991913,21734265295,f,t,0x13d98d13000000000000000000000000a160cdab225685da1d56aa342ad8841c3b53f29119ae57463ddb628d5dc8b836acaccde2e7e1821de651718905bb46151953a88700000000000000000000000000000000000000000000000000000000000000600000000000000000000000000000000000000000000000000000000000000000,,6881260,929860,36144,0x13d98d13,"deposit(address _tornado, bytes32 _commitment, bytes _encryptedNote)"
16198550,1671209279,0x29f211b583dd15beb5397791277105a72e40e583f5e6bbf39fe031e63f6c0c8c,59,0x81a73dd1ff4357f8c23d7c8bd8d9a3b665f9ea01986544af9e5acd7855a48614,66,0x7047912c295cd54d6617b5d0d6d8b324a11c91db,0xd90e2f925da726b50c4ed8d0fb90ad053324f31b,1e+20,991913,23195466657,f,t,0x13d98d13000000000000000000000000a160cdab225685da1d56aa342ad8841c3b53f29114f628b238a3ad13b6fea7a9eb850b61a1d79abe0197ae0e798cf6d22c9fe91300000000000000000000000000000000000000000000000000000000000000600000000000000000000000000000000000000000000000000000000000000000,,4266615,935068,36140,0x13d98d13,"deposit(address _tornado, bytes32 _commitment, bytes _encryptedNote)"
16198553,1671209315,0xd5f8c6a854dd2c478860e3f4eb2d5986d8e95a04f4e6fb397d05ec859df9c8db,60,0xb5a5276a471fdfb494c7da46f6cb275f8c77a5f842a5f416fdce27cc3e5f8f04,95,0x7047912c295cd54d6617b5d0d6d8b324a11c91db,0xd90e2f925da726b50c4ed8d0fb90ad053324f31b,1e+20,991913,26081837410,f,t,0x13d98d13000000000000000000000000a160cdab225685da1d56aa342ad8841c3b53f291012afa4bf7f4ab1a43b88182fb7f1f098b6c71dcd6d9474faed823f223d89ede00000000000000000000000000000000000000000000000000000000000000600000000000000000000000000000000000000000000000000000000000000000,,6696429,929860,36137,0x13d98d13,"deposit(address _tornado, bytes32 _commitment, bytes _encryptedNote)"
16198558,1671209375,0x1aed10a066db14c74e7444e39a5693fddb65e7f2bfa0fe9c61bb2ebd4405d60d,61,0xe4c39fc8919d09ea1e5a5224e64acdbddd2a87badab57da01fc8163deb2d75ba,7,0x7047912c295cd54d6617b5d0d6d8b324a11c91db,0xd90e2f925da726b50c4ed8d0fb90ad053324f31b,1e+20,991913,26744542113,f,t,0x13d98d13000000000000000000000000a160cdab225685da1d56aa342ad8841c3b53f2910dcb304d071c6fdb70a07845a8bacfffa7ba5eec405f205771d1aa30ac966dd300000000000000000000000000000000000000000000000000000000000000600000000000000000000000000000000000000000000000000000000000000000,,2452986,929860,36132,0x13d98d13,"deposit(address _tornado, bytes32 _commitment, bytes _encryptedNote)"
16198564,1671209447,0xe22a0b8f7b7c59f51b01e956b0a3ad232556a727a40cd7762c59fa1af708bb65,62,0xd2241d551d625162901eede0a5c08fde526c8b61634c35a0b87bcfeae5a86ab2,39,0x7047912c295cd54d6617b5d0d6d8b324a11c91db,0xd90e2f925da726b50c4ed8d0fb90ad053324f31b,1e+20,986622,28588784495,f,t,0x13d98d13000000000000000000000000a160cdab225685da1d56aa342ad8841c3b53f2912e05579fec6ab4e01d0e382988513ff68c3e7a75475ea54465075ac75beb8e3300000000000000000000000000000000000000000000000000000000000000600000000000000000000000000000000000000000000000000000000000000000,,3563299,924652,36126,0x13d98d13,"deposit(address _tornado, bytes32 _commitment, bytes _encryptedNote)"
16198569,1671209507,0x210973b3fb30641ce2ade7921ad2a729ece1b9ffecacc81c852180df8f0d4b4a,63,0xa7dedfa7b7b872afc898b7bc4dae2bbae08ac8fe53ecb4a5b36ecce17118b74f,3,0x7047912c295cd54d6617b5d0d6d8b324a11c91db,0xd90e2f925da726b50c4ed8d0fb90ad053324f31b,1e+20,1002494,26227114633,f,t,0x13d98d13000000000000000000000000a160cdab225685da1d56aa342ad8841c3b53f291052ed504d6f9c575f9ed1a73a0cb6f0b640aa73c6dddcb4bc55c4a8bb3e0cc3f00000000000000000000000000000000000000000000000000000000000000600000000000000000000000000000000000000000000000000000000000000000,,1045485,940276,36121,0x13d98d13,"deposit(address _tornado, bytes32 _commitment, bytes _encryptedNote)"
16198575,1671209579,0xfb85796ba0fe5282886660a055121b3503887b6bd766c6c1b1d580b6085be1ee,64,0xf71ed42f0e61043728d3a2ef23719ebd9d5df8a405477dbbd9df2062a9a6d3ba,27,0x7047912c295cd54d6617b5d0d6d8b324a11c91db,0xd90e2f925da726b50c4ed8d0fb90ad053324f31b,1e+19,986622,25459573342,f,t,0x13d98d13000000000000000000000000910cbd523d972eb0a6f4cae4618ad62622b39dbf17613e497e1ed73b814cd5a0284541605115afbf693fc9c59b9c4e39b86fe75f00000000000000000000000000000000000000000000000000000000000000600000000000000000000000000000000000000000000000000000000000000000,,4132275,924652,36115,0x13d98d13,"deposit(address _tornado, bytes32 _commitment, bytes _encryptedNote)"
16198578,1671209615,0xee2d3b18bd9cbf19a6c4ea9b83ff1032ae591e1fdb0ca648d26ae839ebc9d494,65,0x04f7a7c8e7ce6b814689e778b2d0eb908289a8f311780e30e5a351e996027faf,3,0x7047912c295cd54d6617b5d0d6d8b324a11c91db,0xd90e2f925da726b50c4ed8d0fb90ad053324f31b,1e+19,986622,26904708496,f,t,0x13d98d13000000000000000000000000910cbd523d972eb0a6f4cae4618ad62622b39dbf2e831c78f250fe4db221b5c9e89a0ee365ab1c89e3c9a07f4feea71d1da536b700000000000000000000000000000000000000000000000000000000000000600000000000000000000000000000000000000000000000000000000000000000,,1364466,924652,36112,0x13d98d13,"deposit(address _tornado, bytes32 _commitment, bytes _encryptedNote)"
16198581,1671209651,0xf6b554031572d449017eb256d33423a6ce9b6fe014b08d483300afc7d70e043c,66,0xceefd4596cd599134f6602413c2ad806cfeae0057787f4d76ad0fb7ffb8a8c8a,30,0x7047912c295cd54d6617b5d0d6d8b324a11c91db,0xd90e2f925da726b50c4ed8d0fb90ad053324f31b,1e+19,981332,26652724658,f,t,0x13d98d13000000000000000000000000910cbd523d972eb0a6f4cae4618ad62622b39dbf1a354042276648c9217335f3ab6040fc1fd6cd0837fc8e7708ed865e5a824ab200000000000000000000000000000000000000000000000000000000000000600000000000000000000000000000000000000000000000000000000000000000,,2387038,919444,36109,0x13d98d13,"deposit(address _tornado, bytes32 _commitment, bytes _encryptedNote)"
16198590,1671209759,0xce1da5064b1ff1e5f1c85c7e20742bc12ac19d1eca81fdd11cd85bb2730b8a1b,67,0x5fa790f071c90c351f761370a00f9fb465ba097aecabc4355a6586df312bf817,4,0x7047912c295cd54d6617b5d0d6d8b324a11c91db,0xd90e2f925da726b50c4ed8d0fb90ad053324f31b,1e+19,986610,27513089754,f,t,0x13d98d13000000000000000000000000910cbd523d972eb0a6f4cae4618ad62622b39dbf13f6675ec8f5be202f3c18030dfef6ecf9c991e300a7ddf3ae52d06ebd63d3da00000000000000000000000000000000000000000000000000000000000000600000000000000000000000000000000000000000000000000000000000000000,,1509629,924640,36100,0x13d98d13,"deposit(address _tornado, bytes32 _commitment, bytes _encryptedNote)"
16198596,1671209831,0xd3ec27bac972123e91f1088910d637440061ea66a6b32a457ac3242ffc1ce38f,68,0xc26fe52b85df8ac367e68f6a51c85f72eb69f1339284083ad06619ef0a14cde4,71,0x7047912c295cd54d6617b5d0d6d8b324a11c91db,0xd90e2f925da726b50c4ed8d0fb90ad053324f31b,1e+19,986622,26929039255,f,t,0x13d98d13000000000000000000000000910cbd523d972eb0a6f4cae4618ad62622b39dbf1c68d6dddd5780f32be2b10f3b5fc70aa1136974b7e33e96d72964d72ba625f800000000000000000000000000000000000000000000000000000000000000600000000000000000000000000000000000000000000000000000000000000000,,5947594,919444,36094,0x13d98d13,"deposit(address _tornado, bytes32 _commitment, bytes _encryptedNote)"
16198634,1671210287,0xd7a230f1228d2a34797a53f5bdca93ace699ea07b60670a56d396871a95137e9,69,0xa46049acc2a30c17480da3ef3f91da0f3432212c96a04b602d8d5254ba745c01,120,0x7047912c295cd54d6617b5d0d6d8b324a11c91db,0xd90e2f925da726b50c4ed8d0fb90ad053324f31b,1e+18,991913,29379739778,f,t,0x13d98d1300000000000000000000000047ce0c6ed5b0ce3d3a51fdb1c52dc66a7c3c29360626b058367dcf5c306f1877e8084899494e8a2c9f38b2b5e2baa3d92182f2c400000000000000000000000000000000000000000000000000000000000000600000000000000000000000000000000000000000000000000000000000000000,,11422212,929860,36056,0x13d98d13,"deposit(address _tornado, bytes32 _commitment, bytes _encryptedNote)"
16198241,1671205571,0x4d4e4c2306600de707a11c42975c00b73c0e6122c7181205a4e2c568be475be3,32,0x0a8787ff0e28818541400606408f120b39847f44d68374961263553eea20d48d,50,0x7047912c295cd54d6617b5d0d6d8b324a11c91db,0xd90e2f925da726b50c4ed8d0fb90ad053324f31b,1e+20,986622,20147284271,f,t,0x13d98d13000000000000000000000000a160cdab225685da1d56aa342ad8841c3b53f29112ac24751fbea9071c326d2d36a61db8ae3fc86efa7c86bfa3680771f44bd8e800000000000000000000000000000000000000000000000000000000000000600000000000000000000000000000000000000000000000000000000000000000,,4847042,924652,36449,0x13d98d13,"deposit(address _tornado, bytes32 _commitment, bytes _encryptedNote)"
16198244,1671205607,0x09f8b8c8fd49295e94ef7070becfeb2551590ee8282e56fdacf867daf28669aa,33,0xc74a7012e217d98184c6840fdbc9064f617792fc30a10dda6e6afad23f713b01,5,0x7047912c295cd54d6617b5d0d6d8b324a11c91db,0xd90e2f925da726b50c4ed8d0fb90ad053324f31b,1e+20,981332,22473854373,f,t,0x13d98d13000000000000000000000000a160cdab225685da1d56aa342ad8841c3b53f291172d0b375e95facbb5eff4bd3bfd25a7ddae1abd468bdbff8b14e5c4a949df0500000000000000000000000000000000000000000000000000000000000000600000000000000000000000000000000000000000000000000000000000000000,,2697606,919444,36446,0x13d98d13,"deposit(address _tornado, bytes32 _commitment, bytes _encryptedNote)"
16198248,1671205655,0xb2f1407d84177796d4972353bc254e58234743324acfbdd27160bef624915b94,34,0xdba5b8e6d5c5e833bc0ad50d3b6c8e01298c42977a03c699f181c401626faefe,34,0x7047912c295cd54d6617b5d0d6d8b324a11c91db,0xd90e2f925da726b50c4ed8d0fb90ad053324f31b,1e+20,1007785,21688693841,f,t,0x13d98d13000000000000000000000000a160cdab225685da1d56aa342ad8841c3b53f29101864fa3f8d54551917a19989ad623e1fd4705a1e933acc050b914c341b90fec00000000000000000000000000000000000000000000000000000000000000600000000000000000000000000000000000000000000000000000000000000000,,3267311,945484,36442,0x13d98d13,"deposit(address _tornado, bytes32 _commitment, bytes _encryptedNote)"
16198251,1671205691,0xd78d95a48b77ec4d6af99a270be189fc2a97e3f97933bb0edc4ba6bd3de43fc7,35,0xeb8efc9f369ca7a5685f920672430d04928f935845d563f82b63c9fb5ecfc015,38,0x7047912c295cd54d6617b5d0d6d8b324a11c91db,0xd90e2f925da726b50c4ed8d0fb90ad053324f31b,1e+20,1002494,19666605900,f,t,0x13d98d13000000000000000000000000a160cdab225685da1d56aa342ad8841c3b53f29126a3ca78ee058fa17a46997eb1d9da97f08e32b3f3b9cab7eb3cc10d354dcf5300000000000000000000000000000000000000000000000000000000000000600000000000000000000000000000000000000000000000000000000000000000,,2675964,940276,36439,0x13d98d13,"deposit(address _tornado, bytes32 _commitment, bytes _encryptedNote)"
16198256,1671205751,0xedd772d35a767bf31fe7e98b1e53cd5fabc7779f90b8f3f65dca0c3f17d49df8,36,0x3328a1503060193b6cea29ffc55ba052f8560213f04a590fe1fd6960e5241342,72,0x7047912c295cd54d6617b5d0d6d8b324a11c91db,0xd90e2f925da726b50c4ed8d0fb90ad053324f31b,1e+20,1002482,19666605900,f,t,0x13d98d13000000000000000000000000a160cdab225685da1d56aa342ad8841c3b53f29100845611765a1da02f15b5733ecbfa363acf58b053fce7ec8b610bfd74beb48d00000000000000000000000000000000000000000000000000000000000000600000000000000000000000000000000000000000000000000000000000000000,,6889186,940264,36434,0x13d98d13,"deposit(address _tornado, bytes32 _commitment, bytes _encryptedNote)"
16198266,1671205871,0x4f372ababf0640591fc4be2eebabafd94316fba3e9950047a9db05e7c0499146,37,0x90278e074424df0c9ecb7418d60f4cb9153f72c0ae19be424f29c518aa2ad28f,28,0x7047912c295cd54d6617b5d0d6d8b324a11c91db,0xd90e2f925da726b50c4ed8d0fb90ad053324f31b,1e+20,997192,20455832716,f,t,0x13d98d13000000000000000000000000a160cdab225685da1d56aa342ad8841c3b53f2910f25d3c9853d38a030c1b61576134f337e5b0d6a00aad51e95f7d771a5295a0400000000000000000000000000000000000000000000000000000000000000600000000000000000000000000000000000000000000000000000000000000000,,2499852,935056,36424,0x13d98d13,"deposit(address _tornado, bytes32 _commitment, bytes _encryptedNote)"
16198266,1671205871,0xaa57ecd83349d83a77432816d406923e6b4d423ef3386dd2d99ca8a95c46df3f,38,0x90278e074424df0c9ecb7418d60f4cb9153f72c0ae19be424f29c518aa2ad28f,29,0x7047912c295cd54d6617b5d0d6d8b324a11c91db,0xd90e2f925da726b50c4ed8d0fb90ad053324f31b,1e+20,997204,20940130122,f,t,0x13d98d13000000000000000000000000a160cdab225685da1d56aa342ad8841c3b53f291224d93f81b87956a1d5329f6c61bbe181b51a4e79bfbcb592373d4c3a53f318e00000000000000000000000000000000000000000000000000000000000000600000000000000000000000000000000000000000000000000000000000000000,,3440128,940276,36424,0x13d98d13,"deposit(address _tornado, bytes32 _commitment, bytes _encryptedNote)"
16198270,1671205919,0xaaae6d3826e309426d31b2228ef52482bf1ee4501e8455029d96400733550a12,39,0x16c971c007b4652010d1cb8ec5d23dd66d11f0c5d9e32982c8b7c5921886a373,7,0x7047912c295cd54d6617b5d0d6d8b324a11c91db,0xd90e2f925da726b50c4ed8d0fb90ad053324f31b,1e+20,997204,20171322517,f,t,0x13d98d13000000000000000000000000a160cdab225685da1d56aa342ad8841c3b53f291044264dc71ae360f95294a6cc806bd9a02bff2b1dc1d661e62b12a969adf3a0d00000000000000000000000000000000000000000000000000000000000000600000000000000000000000000000000000000000000000000000000000000000,,1866023,935068,36420,0x13d98d13,"deposit(address _tornado, bytes32 _commitment, bytes _encryptedNote)"
16198276,1671205991,0xe5d5ff7ad219f97ffdaec47a40cdad9e00bcc5c0e0ce2726711e1e5b3718d804,40,0x720d8d031b414080b12cfcf9d5def5fc844bf1cce4c9300c13610267026fa984,40,0x7047912c295cd54d6617b5d0d6d8b324a11c91db,0xd90e2f925da726b50c4ed8d0fb90ad053324f31b,1e+20,997204,19936249974,f,t,0x13d98d13000000000000000000000000a160cdab225685da1d56aa342ad8841c3b53f2912b163ce73fca73143e162446e017aaae08bdcf3271a576c9f81ba14771e07d9a00000000000000000000000000000000000000000000000000000000000000600000000000000000000000000000000000000000000000000000000000000000,,4152616,935068,36414,0x13d98d13,"deposit(address _tornado, bytes32 _commitment, bytes _encryptedNote)"
16198286,1671206111,0x4b03b0aa4b0a777be9714714e20d4a22b911f84865ade3f891201ea9af3b23fa,41,0x4505d5717d061814b97dae76ae762c69f461922ab0fbdec5ee99c5a44dfade9c,1,0x7047912c295cd54d6617b5d0d6d8b324a11c91db,0xd90e2f925da726b50c4ed8d0fb90ad053324f31b,1e+20,991913,18810009047,f,t,0x13d98d13000000000000000000000000a160cdab225685da1d56aa342ad8841c3b53f2912ad2b6135c8f6f925ad60dcc9f7c7df808cfd81aa3ae8251fc4a8cc0df71c39100000000000000000000000000000000000000000000000000000000000000600000000000000000000000000000000000000000000000000000000000000000,,1156383,929860,36404,0x13d98d13,"deposit(address _tornado, bytes32 _commitment, bytes _encryptedNote)"
16198287,1671206123,0x2b86d3b4f76250f21b8629cade4365a33f1febc356f055642814ae7a87cdaaf5,42,0xdc16c001055b2a74c0e772506d7cd724f6081dc01958da1420986d249c372e46,6,0x7047912c295cd54d6617b5d0d6d8b324a11c91db,0xd90e2f925da726b50c4ed8d0fb90ad053324f31b,1e+19,986622,19451594327,f,t,0x13d98d13000000000000000000000000910cbd523d972eb0a6f4cae4618ad62622b39dbf104f3f9e65185f8baee6e0e9a26bbda09ce8b97c51aaa82684b21ff16c713c7300000000000000000000000000000000000000000000000000000000000000600000000000000000000000000000000000000000000000000000000000000000,,1895232,924652,36403,0x13d98d13,"deposit(address _tornado, bytes32 _commitment, bytes _encryptedNote)"
16198294,1671206207,0x337f07ac88ce1d80478a3c0708acfaac87d93cb1107c4efc98fb974f9fa2e505,44,0x79f1a2502b6d7bbdccc149e115b416e4063fd30d53151f926440e400e7b27ada,132,0x7047912c295cd54d6617b5d0d6d8b324a11c91db,0xd90e2f925da726b50c4ed8d0fb90ad053324f31b,1e+19,986622,19449872953,f,t,0x13d98d13000000000000000000000000910cbd523d972eb0a6f4cae4618ad62622b39dbf2e593c841932388b581007097bd28da6ac98805ee8bae54f977b88f5464eba1600000000000000000000000000000000000000000000000000000000000000600000000000000000000000000000000000000000000000000000000000000000,,11232520,924652,36396,0x13d98d13,"deposit(address _tornado, bytes32 _commitment, bytes _encryptedNote)"
16198303,1671206315,0x9b6828270043d0c73d3eba4a3dad755361f94a007edf64c6470e4bf6ed18abd0,45,0x4689fb8a49ce51ad66ce5e804bc0c21f71378ae8a38139407290d8736f2fdd34,25,0x7047912c295cd54d6617b5d0d6d8b324a11c91db,0xd90e2f925da726b50c4ed8d0fb90ad053324f31b,1e+19,981332,20848058090,f,t,0x13d98d13000000000000000000000000910cbd523d972eb0a6f4cae4618ad62622b39dbf1f6efb05043308ad583c2af3686af89e9da47142f5566ea653fde8a104a6bad400000000000000000000000000000000000000000000000000000000000000600000000000000000000000000000000000000000000000000000000000000000,,3005394,919444,36387,0x13d98d13,"deposit(address _tornado, bytes32 _commitment, bytes _encryptedNote)"
16198303,1671206315,0x3f898ff3f8c723c84b6bf83450bd400e520c4013388d3d6354aca7a7d05d9b37,46,0x4689fb8a49ce51ad66ce5e804bc0c21f71378ae8a38139407290d8736f2fdd34,28,0x7047912c295cd54d6617b5d0d6d8b324a11c91db,0xd90e2f925da726b50c4ed8d0fb90ad053324f31b,1e+19,981332,20848058090,f,t,0x13d98d13000000000000000000000000910cbd523d972eb0a6f4cae4618ad62622b39dbf01fb9c904676ac11f449eedb80bae161fb27ad207f4c4722f1c99918c770bf3600000000000000000000000000000000000000000000000000000000000000600000000000000000000000000000000000000000000000000000000000000000,,4018000,919444,36387,0x13d98d13,"deposit(address _tornado, bytes32 _commitment, bytes _encryptedNote)"
16198308,1671206375,0x01dd47e0b02353e06332ca763669401cd82d12defcd799234ce5a9af2c9bd72a,47,0xa9415d777dde7dadb65527a864dd8912252a8b22ea6243a9086642f16e80230a,9,0x7047912c295cd54d6617b5d0d6d8b324a11c91db,0xd90e2f925da726b50c4ed8d0fb90ad053324f31b,1e+19,976041,21445520964,f,t,0x13d98d13000000000000000000000000910cbd523d972eb0a6f4cae4618ad62622b39dbf0d3578a150096b1368e7eb98a93e464f75ea2342360ed05bac5820633552fab600000000000000000000000000000000000000000000000000000000000000600000000000000000000000000000000000000000000000000000000000000000,,1502506,914236,36382,0x13d98d13,"deposit(address _tornado, bytes32 _commitment, bytes _encryptedNote)"
16198309,1671206387,0x87309dbbdf3f9fd30a423dc6188e2a00117448f9ac7ff7022c8922b972b2fffd,48,0xa01427113a592f2bdf74006f160afc4a215dc509517036f9d4d25091edabd45b,4,0x7047912c295cd54d6617b5d0d6d8b324a11c91db,0xd90e2f925da726b50c4ed8d0fb90ad053324f31b,1e+19,976041,20870526204,f,t,0x13d98d13000000000000000000000000910cbd523d972eb0a6f4cae4618ad62622b39dbf1b7b29f98c06e43bbf7d7bd651c9344b02fc15e6e696bc120de61640d8bd258900000000000000000000000000000000000000000000000000000000000000600000000000000000000000000000000000000000000000000000000000000000,,1668846,935068,36381,0x13d98d13,"deposit(address _tornado, bytes32 _commitment, bytes _encryptedNote)"
16198484,1671208487,0xe2e9130d717fad674bc7f5d59b663f3ed9519c2a3ece9f6cf030a4ca38e7dac2,49,0xf973e3cb92823e26e793e69f68c89b315710e29ca6f73205b8af4b9210dd3b7d,163,0x7047912c295cd54d6617b5d0d6d8b324a11c91db,0xd90e2f925da726b50c4ed8d0fb90ad053324f31b,1e+19,991913,21183062347,f,t,0x13d98d13000000000000000000000000910cbd523d972eb0a6f4cae4618ad62622b39dbf1aee338ff048b05209496c835e542cef0ce4025a603e6d77239fb3aaecadf60e00000000000000000000000000000000000000000000000000000000000000600000000000000000000000000000000000000000000000000000000000000000,,14955111,929860,36206,0x13d98d13,"deposit(address _tornado, bytes32 _commitment, bytes _encryptedNote)"
16198484,1671208487,0xf6d53369e5ce234fdeae3e511c42cab4cbf3f264cea0b65ef6432936d8c5cfb8,50,0xf973e3cb92823e26e793e69f68c89b315710e29ca6f73205b8af4b9210dd3b7d,164,0x7047912c295cd54d6617b5d0d6d8b324a11c91db,0xd90e2f925da726b50c4ed8d0fb90ad053324f31b,1e+19,991913,23833933133,f,t,0x13d98d13000000000000000000000000910cbd523d972eb0a6f4cae4618ad62622b39dbf190974848be006f62c63f09d247583be541c304aef3e538febfd5ef9b9fab19300000000000000000000000000000000000000000000000000000000000000600000000000000000000000000000000000000000000000000000000000000000,,15884971,929860,36206,0x13d98d13,"deposit(address _tornado, bytes32 _commitment, bytes _encryptedNote)"
16198484,1671208487,0x41552f8cfccf068cdc261a0f7f964b5e224b2faa1e703384b8697a2647bd29a0,51,0xf973e3cb92823e26e793e69f68c89b315710e29ca6f73205b8af4b9210dd3b7d,165,0x7047912c295cd54d6617b5d0d6d8b324a11c91db,0xd90e2f925da726b50c4ed8d0fb90ad053324f31b,1e+19,991913,23833933133,f,t,0x13d98d13000000000000000000000000910cbd523d972eb0a6f4cae4618ad62622b39dbf2a91a03fb6ecbbe07e05b6d258ea8227b5fd13a36bb5f84545854e7c607b783300000000000000000000000000000000000000000000000000000000000000600000000000000000000000000000000000000000000000000000000000000000,,16809623,924652,36206,0x13d98d13,"deposit(address _tornado, bytes32 _commitment, bytes _encryptedNote)"
16198484,1671208487,0x7a1ef16f22db37813b367d54ca3f3d80727c7dcee63d8278b21388622778c811,52,0xf973e3cb92823e26e793e69f68c89b315710e29ca6f73205b8af4b9210dd3b7d,166,0x7047912c295cd54d6617b5d0d6d8b324a11c91db,0xd90e2f925da726b50c4ed8d0fb90ad053324f31b,1e+19,991913,22833933133,f,t,0x13d98d13000000000000000000000000910cbd523d972eb0a6f4cae4618ad62622b39dbf17b7955c69ba5140ab1bcc5c072865d89b67b3322fd4e368fd0fc6c668a6491500000000000000000000000000000000000000000000000000000000000000600000000000000000000000000000000000000000000000000000000000000000,,17739483,929860,36206,0x13d98d13,"deposit(address _tornado, bytes32 _commitment, bytes _encryptedNote)"
16198499,1671208667,0x09da40a206414abf5687370c280eab80e8da527b53fc7e916c51063869ec0c97,53,0x103a01ab4b82b0868cc1d2c7f13375442d160f6aad5e0e69a735be2c3adb8d95,67,0x7047912c295cd54d6617b5d0d6d8b324a11c91db,0xd90e2f925da726b50c4ed8d0fb90ad053324f31b,1e+19,986622,25369514734,f,t,0x13d98d13000000000000000000000000910cbd523d972eb0a6f4cae4618ad62622b39dbf1f6a07c2a0c79efa67e157478340940b19f251ce60a7012f7386f4387060435f00000000000000000000000000000000000000000000000000000000000000600000000000000000000000000000000000000000000000000000000000000000,,4081754,924652,36191,0x13d98d13,"deposit(address _tornado, bytes32 _commitment, bytes _encryptedNote)"
